speaker,seconds,rec.date,prompt,label,TT.displacement.sm,TT.velocity,TT.velocity.abs,TD.displacement.sm,TD.velocity,TD.velocity.abs,fan,X,Y,word,language,item,ipa,c1,c1phonation,vowel,anteropost,height,c2,c2phonation,c2place
it05,0,11/06/2017 16:47:37,Dico pata lentamente,max_TT,65.2863,16.5138,16.4833,62.9114,17.6554,16.6292,1,31.2981,10.6696,pata,italian,1,pata,p,voiceless,a,central,low,t,voiceless,coronal
it05,0,11/06/2017 16:48:39,Dico paca lentamente,max_TD,64.4272,23.9906,23.8247,69.8976,-3.1757,2.0447,1,29.1055,3.7525,paca,italian,3,paka,p,voiceless,a,central,low,k,voiceless,velar
it05,0,11/06/2017 16:49:56,Dico pata lentamente,max_TT,65.2082,21.6408,21.6217,62.9914,5.3892,4.2114,1,30.8144,9.1436,pata,italian,1,pata,p,voiceless,a,central,low,t,voiceless,coronal
it05,0,11/06/2017 16:50:18,Dico paca lentamente,max_TD,64.3374,23.6435,23.386,70.5446,-2.9087,1.5125,1,29.3909,4.6528,paca,italian,3,paka,p,voiceless,a,central,low,k,voiceless,velar
it05,0,11/06/2017 16:51:37,Dico paca lentamente,max_TD,63.6524,24.9634,24.3654,70.9771,-2.7447,1.6422,1,29.1099,3.7664,paca,italian,3,paka,p,voiceless,a,central,low,k,voiceless,velar
it05,0,11/06/2017 16:53:04,Dico paca lentamente,max_TD,62.3073,26.1984,26.1497,69.7491,-2.3289,1.4229,1,29.0299,3.514,paca,italian,3,paka,p,voiceless,a,central,low,k,voiceless,velar
it05,0,11/06/2017 16:54:25,Dico paca lentamente,max_TD,61.3806,24.4198,24.1795,71.3485,-3.6335,2.3575,1,29.3076,4.39,paca,italian,3,paka,p,voiceless,a,central,low,k,voiceless,velar
it05,0,11/06/2017 16:55:46,Dico paca lentamente,max_TD,63.0153,22.3103,22.357,70.4399,-3.9425,2.5101,1,29.2316,4.1501,paca,italian,3,paka,p,voiceless,a,central,low,k,voiceless,velar
it05,0,11/06/2017 16:47:37,Dico pata lentamente,max_TT,65.2863,16.5138,16.4833,62.9114,17.6554,16.6292,2,29.237,10.8586,pata,italian,1,pata,p,voiceless,a,central,low,t,voiceless,coronal
it05,0,11/06/2017 16:48:39,Dico paca lentamente,max_TD,64.4272,23.9906,23.8247,69.8976,-3.1757,2.0447,2,27.551,4.9199,paca,italian,3,paka,p,voiceless,a,central,low,k,voiceless,velar
it05,0,11/06/2017 16:49:56,Dico pata lentamente,max_TT,65.2082,21.6408,21.6217,62.9914,5.3892,4.2114,2,28.9123,9.715,pata,italian,1,pata,p,voiceless,a,central,low,t,voiceless,coronal
it05,0,11/06/2017 16:50:18,Dico paca lentamente,max_TD,64.3374,23.6435,23.386,70.5446,-2.9087,1.5125,2,27.7125,5.4889,paca,italian,3,paka,p,voiceless,a,central,low,k,voiceless,velar
it05,0,11/06/2017 16:51:37,Dico paca lentamente,max_TD,63.6524,24.9634,24.3654,70.9771,-2.7447,1.6422,2,27.4949,4.7226,paca,italian,3,paka,p,voiceless,a,central,low,k,voiceless,velar
it05,0,11/06/2017 16:53:04,Dico paca lentamente,max_TD,62.3073,26.1984,26.1497,69.7491,-2.3289,1.4229,2,27.3655,4.2668,paca,italian,3,paka,p,voiceless,a,central,low,k,voiceless,velar
it05,0,11/06/2017 16:54:25,Dico paca lentamente,max_TD,61.3806,24.4198,24.1795,71.3485,-3.6335,2.3575,2,27.5044,4.7558,paca,italian,3,paka,p,voiceless,a,central,low,k,voiceless,velar
it05,0,11/06/2017 16:55:46,Dico paca lentamente,max_TD,63.0153,22.3103,22.357,70.4399,-3.9425,2.5101,2,27.5217,4.8168,paca,italian,3,paka,p,voiceless,a,central,low,k,voiceless,velar
it05,0,11/06/2017 16:47:37,Dico pata lentamente,max_TT,65.2863,16.5138,16.4833,62.9114,17.6554,16.6292,3,27.2122,11.0944,pata,italian,1,pata,p,voiceless,a,central,low,t,voiceless,coronal
it05,0,11/06/2017 16:48:39,Dico paca lentamente,max_TD,64.4272,23.9906,23.8247,69.8976,-3.1757,2.0447,3,25.8933,5.8486,paca,italian,3,paka,p,voiceless,a,central,low,k,voiceless,velar
it05,0,11/06/2017 16:49:56,Dico pata lentamente,max_TT,65.2082,21.6408,21.6217,62.9914,5.3892,4.2114,3,26.9943,10.2275,pata,italian,1,pata,p,voiceless,a,central,low,t,voiceless,coronal
it05,0,11/06/2017 16:50:18,Dico paca lentamente,max_TD,64.3374,23.6435,23.386,70.5446,-2.9087,1.5125,3,26.0424,6.4417,paca,italian,3,paka,p,voiceless,a,central,low,k,voiceless,velar
it05,0,11/06/2017 16:51:37,Dico paca lentamente,max_TD,63.6524,24.9634,24.3654,70.9771,-2.7447,1.6422,3,25.8442,5.6532,paca,italian,3,paka,p,voiceless,a,central,low,k,voiceless,velar
it05,0,11/06/2017 16:53:04,Dico paca lentamente,max_TD,62.3073,26.1984,26.1497,69.7491,-2.3289,1.4229,3,25.7192,5.156,paca,italian,3,paka,p,voiceless,a,central,low,k,voiceless,velar
it05,0,11/06/2017 16:54:25,Dico paca lentamente,max_TD,61.3806,24.4198,24.1795,71.3485,-3.6335,2.3575,3,25.7159,5.1427,paca,italian,3,paka,p,voiceless,a,central,low,k,voiceless,velar
it05,0,11/06/2017 16:55:46,Dico paca lentamente,max_TD,63.0153,22.3103,22.357,70.4399,-3.9425,2.5101,3,25.7939,5.4531,paca,italian,3,paka,p,voiceless,a,central,low,k,voiceless,velar
it05,0,11/06/2017 16:47:37,Dico pata lentamente,max_TT,65.2863,16.5138,16.4833,62.9114,17.6554,16.6292,4,25.114,10.9236,pata,italian,1,pata,p,voiceless,a,central,low,t,voiceless,coronal
it05,0,11/06/2017 16:48:39,Dico paca lentamente,max_TD,64.4272,23.9906,23.8247,69.8976,-3.1757,2.0447,4,24.269,7.0725,paca,italian,3,paka,p,voiceless,a,central,low,k,voiceless,velar
it05,0,11/06/2017 16:49:56,Dico pata lentamente,max_TT,65.2082,21.6408,21.6217,62.9914,5.3892,4.2114,4,25.0552,10.6555,pata,italian,1,pata,p,voiceless,a,central,low,t,voiceless,coronal
it05,0,11/06/2017 16:50:18,Dico paca lentamente,max_TD,64.3374,23.6435,23.386,70.5446,-2.9087,1.5125,4,24.3803,7.5795,paca,italian,3,paka,p,voiceless,a,central,low,k,voiceless,velar
it05,0,11/06/2017 16:51:37,Dico paca lentamente,max_TD,63.6524,24.9634,24.3654,70.9771,-2.7447,1.6422,4,24.2487,6.9799,paca,italian,3,paka,p,voiceless,a,central,low,k,voiceless,velar
it05,0,11/06/2017 16:53:04,Dico paca lentamente,max_TD,62.3073,26.1984,26.1497,69.7491,-2.3289,1.4229,4,24.0576,6.1089,paca,italian,3,paka,p,voiceless,a,central,low,k,voiceless,velar
it05,0,11/06/2017 16:54:25,Dico paca lentamente,max_TD,61.3806,24.4198,24.1795,71.3485,-3.6335,2.3575,4,23.95,5.6184,paca,italian,3,paka,p,voiceless,a,central,low,k,voiceless,velar
it05,0,11/06/2017 16:55:46,Dico paca lentamente,max_TD,63.0153,22.3103,22.357,70.4399,-3.9425,2.5101,4,24.0967,6.2871,paca,italian,3,paka,p,voiceless,a,central,low,k,voiceless,velar
it05,0,11/06/2017 16:47:37,Dico pata lentamente,max_TT,65.2863,16.5138,16.4833,62.9114,17.6554,16.6292,5,23.1284,11.1501,pata,italian,1,pata,p,voiceless,a,central,low,t,voiceless,coronal
it05,0,11/06/2017 16:48:39,Dico paca lentamente,max_TD,64.4272,23.9906,23.8247,69.8976,-3.1757,2.0447,5,22.6276,8.4835,paca,italian,3,paka,p,voiceless,a,central,low,k,voiceless,velar
it05,0,11/06/2017 16:49:56,Dico pata lentamente,max_TT,65.2082,21.6408,21.6217,62.9914,5.3892,4.2114,5,23.0814,10.8998,pata,italian,1,pata,p,voiceless,a,central,low,t,voiceless,coronal
it05,0,11/06/2017 16:50:18,Dico paca lentamente,max_TD,64.3374,23.6435,23.386,70.5446,-2.9087,1.5125,5,22.6516,8.6113,paca,italian,3,paka,p,voiceless,a,central,low,k,voiceless,velar
it05,0,11/06/2017 16:51:37,Dico paca lentamente,max_TD,63.6524,24.9634,24.3654,70.9771,-2.7447,1.6422,5,22.5722,8.1886,paca,italian,3,paka,p,voiceless,a,central,low,k,voiceless,velar
it05,0,11/06/2017 16:53:04,Dico paca lentamente,max_TD,62.3073,26.1984,26.1497,69.7491,-2.3289,1.4229,5,22.3405,6.9547,paca,italian,3,paka,p,voiceless,a,central,low,k,voiceless,velar
it05,0,11/06/2017 16:54:25,Dico paca lentamente,max_TD,61.3806,24.4198,24.1795,71.3485,-3.6335,2.3575,5,22.1876,6.1407,paca,italian,3,paka,p,voiceless,a,central,low,k,voiceless,velar
it05,0,11/06/2017 16:55:46,Dico paca lentamente,max_TD,63.0153,22.3103,22.357,70.4399,-3.9425,2.5101,5,22.3887,7.2118,paca,italian,3,paka,p,voiceless,a,central,low,k,voiceless,velar
it05,0,11/06/2017 16:47:37,Dico pata lentamente,max_TT,65.2863,16.5138,16.4833,62.9114,17.6554,16.6292,6,21.1498,11.3648,pata,italian,1,pata,p,voiceless,a,central,low,t,voiceless,coronal
it05,0,11/06/2017 16:48:39,Dico paca lentamente,max_TD,64.4272,23.9906,23.8247,69.8976,-3.1757,2.0447,6,20.8823,9.6561,paca,italian,3,paka,p,voiceless,a,central,low,k,voiceless,velar
it05,0,11/06/2017 16:49:56,Dico pata lentamente,max_TT,65.2082,21.6408,21.6217,62.9914,5.3892,4.2114,6,21.1113,11.1188,pata,italian,1,pata,p,voiceless,a,central,low,t,voiceless,coronal
it05,0,11/06/2017 16:50:18,Dico paca lentamente,max_TD,64.3374,23.6435,23.386,70.5446,-2.9087,1.5125,6,20.8826,9.6585,paca,italian,3,paka,p,voiceless,a,central,low,k,voiceless,velar
it05,0,11/06/2017 16:51:37,Dico paca lentamente,max_TD,63.6524,24.9634,24.3654,70.9771,-2.7447,1.6422,6,20.7884,9.0564,paca,italian,3,paka,p,voiceless,a,central,low,k,voiceless,velar
it05,0,11/06/2017 16:53:04,Dico paca lentamente,max_TD,62.3073,26.1984,26.1497,69.7491,-2.3289,1.4229,6,20.5998,7.8519,paca,italian,3,paka,p,voiceless,a,central,low,k,voiceless,velar
it05,0,11/06/2017 16:54:25,Dico paca lentamente,max_TD,61.3806,24.4198,24.1795,71.3485,-3.6335,2.3575,6,20.4461,6.8703,paca,italian,3,paka,p,voiceless,a,central,low,k,voiceless,velar
it05,0,11/06/2017 16:55:46,Dico paca lentamente,max_TD,63.0153,22.3103,22.357,70.4399,-3.9425,2.5101,6,20.6649,8.2681,paca,italian,3,paka,p,voiceless,a,central,low,k,voiceless,velar
it05,0,11/06/2017 16:47:37,Dico pata lentamente,max_TT,65.2863,16.5138,16.4833,62.9114,17.6554,16.6292,7,19.1773,11.5819,pata,italian,1,pata,p,voiceless,a,central,low,t,voiceless,coronal
it05,0,11/06/2017 16:48:39,Dico paca lentamente,max_TD,64.4272,23.9906,23.8247,69.8976,-3.1757,2.0447,7,19.0481,10.5537,paca,italian,3,paka,p,voiceless,a,central,low,k,voiceless,velar
it05,0,11/06/2017 16:49:56,Dico pata lentamente,max_TT,65.2082,21.6408,21.6217,62.9914,5.3892,4.2114,7,19.1538,11.395,pata,italian,1,pata,p,voiceless,a,central,low,t,voiceless,coronal
it05,0,11/06/2017 16:50:18,Dico paca lentamente,max_TD,64.3374,23.6435,23.386,70.5446,-2.9087,1.5125,7,19.0546,10.6052,paca,italian,3,paka,p,voiceless,a,central,low,k,voiceless,velar
it05,0,11/06/2017 16:51:37,Dico paca lentamente,max_TD,63.6524,24.9634,24.3654,70.9771,-2.7447,1.6422,7,18.9732,9.958,paca,italian,3,paka,p,voiceless,a,central,low,k,voiceless,velar
it05,0,11/06/2017 16:53:04,Dico paca lentamente,max_TD,62.3073,26.1984,26.1497,69.7491,-2.3289,1.4229,7,18.8062,8.6287,paca,italian,3,paka,p,voiceless,a,central,low,k,voiceless,velar
it05,0,11/06/2017 16:54:25,Dico paca lentamente,max_TD,61.3806,24.4198,24.1795,71.3485,-3.6335,2.3575,7,18.6861,7.6731,paca,italian,3,paka,p,voiceless,a,central,low,k,voiceless,velar
it05,0,11/06/2017 16:55:46,Dico paca lentamente,max_TD,63.0153,22.3103,22.357,70.4399,-3.9425,2.5101,7,18.8858,9.262,paca,italian,3,paka,p,voiceless,a,central,low,k,voiceless,velar
it05,0,11/06/2017 16:47:37,Dico pata lentamente,max_TT,65.2863,16.5138,16.4833,62.9114,17.6554,16.6292,8,17.1967,11.6877,pata,italian,1,pata,p,voiceless,a,central,low,t,voiceless,coronal
it05,0,11/06/2017 16:48:39,Dico paca lentamente,max_TD,64.4272,23.9906,23.8247,69.8976,-3.1757,2.0447,8,17.1626,11.3289,paca,italian,3,paka,p,voiceless,a,central,low,k,voiceless,velar
it05,0,11/06/2017 16:49:56,Dico pata lentamente,max_TT,65.2082,21.6408,21.6217,62.9914,5.3892,4.2114,8,17.1897,11.6139,pata,italian,1,pata,p,voiceless,a,central,low,t,voiceless,coronal
it05,0,11/06/2017 16:50:18,Dico paca lentamente,max_TD,64.3374,23.6435,23.386,70.5446,-2.9087,1.5125,8,17.1688,11.3941,paca,italian,3,paka,p,voiceless,a,central,low,k,voiceless,velar
it05,0,11/06/2017 16:51:37,Dico paca lentamente,max_TD,63.6524,24.9634,24.3654,70.9771,-2.7447,1.6422,8,17.1062,10.735,paca,italian,3,paka,p,voiceless,a,central,low,k,voiceless,velar
it05,0,11/06/2017 16:53:04,Dico paca lentamente,max_TD,62.3073,26.1984,26.1497,69.7491,-2.3289,1.4229,8,16.9586,9.1808,paca,italian,3,paka,p,voiceless,a,central,low,k,voiceless,velar
it05,0,11/06/2017 16:54:25,Dico paca lentamente,max_TD,61.3806,24.4198,24.1795,71.3485,-3.6335,2.3575,8,16.9047,8.6123,paca,italian,3,paka,p,voiceless,a,central,low,k,voiceless,velar
it05,0,11/06/2017 16:55:46,Dico paca lentamente,max_TD,63.0153,22.3103,22.357,70.4399,-3.9425,2.5101,8,17.0625,10.2747,paca,italian,3,paka,p,voiceless,a,central,low,k,voiceless,velar
it05,0,11/06/2017 16:47:37,Dico pata lentamente,max_TT,65.2863,16.5138,16.4833,62.9114,17.6554,16.6292,9,15.2233,11.8387,pata,italian,1,pata,p,voiceless,a,central,low,t,voiceless,coronal
it05,0,11/06/2017 16:48:39,Dico paca lentamente,max_TD,64.4272,23.9906,23.8247,69.8976,-3.1757,2.0447,9,15.2269,11.8934,paca,italian,3,paka,p,voiceless,a,central,low,k,voiceless,velar
it05,0,11/06/2017 16:49:56,Dico pata lentamente,max_TT,65.2082,21.6408,21.6217,62.9914,5.3892,4.2114,9,15.2229,11.8327,pata,italian,1,pata,p,voiceless,a,central,low,t,voiceless,coronal
it05,0,11/06/2017 16:50:18,Dico paca lentamente,max_TD,64.3374,23.6435,23.386,70.5446,-2.9087,1.5125,9,15.2424,12.1355,paca,italian,3,paka,p,voiceless,a,central,low,k,voiceless,velar
it05,0,11/06/2017 16:51:37,Dico paca lentamente,max_TD,63.6524,24.9634,24.3654,70.9771,-2.7447,1.6422,9,15.1974,11.436,paca,italian,3,paka,p,voiceless,a,central,low,k,voiceless,velar
it05,0,11/06/2017 16:53:04,Dico paca lentamente,max_TD,62.3073,26.1984,26.1497,69.7491,-2.3289,1.4229,9,15.1078,10.0451,paca,italian,3,paka,p,voiceless,a,central,low,k,voiceless,velar
it05,0,11/06/2017 16:54:25,Dico paca lentamente,max_TD,61.3806,24.4198,24.1795,71.3485,-3.6335,2.3575,9,15.0755,9.5441,paca,italian,3,paka,p,voiceless,a,central,low,k,voiceless,velar
it05,0,11/06/2017 16:55:46,Dico paca lentamente,max_TD,63.0153,22.3103,22.357,70.4399,-3.9425,2.5101,9,15.1745,11.0812,paca,italian,3,paka,p,voiceless,a,central,low,k,voiceless,velar
it05,0,11/06/2017 16:47:37,Dico pata lentamente,max_TT,65.2863,16.5138,16.4833,62.9114,17.6554,16.6292,10,13.2494,12.0147,pata,italian,1,pata,p,voiceless,a,central,low,t,voiceless,coronal
it05,0,11/06/2017 16:48:39,Dico paca lentamente,max_TD,64.4272,23.9906,23.8247,69.8976,-3.1757,2.0447,10,13.2702,12.6275,paca,italian,3,paka,p,voiceless,a,central,low,k,voiceless,velar
it05,0,11/06/2017 16:49:56,Dico pata lentamente,max_TT,65.2082,21.6408,21.6217,62.9914,5.3892,4.2114,10,13.2517,12.0842,pata,italian,1,pata,p,voiceless,a,central,low,t,voiceless,coronal
it05,0,11/06/2017 16:50:18,Dico paca lentamente,max_TD,64.3374,23.6435,23.386,70.5446,-2.9087,1.5125,10,13.2868,13.1148,paca,italian,3,paka,p,voiceless,a,central,low,k,voiceless,velar
it05,0,11/06/2017 16:51:37,Dico paca lentamente,max_TD,63.6524,24.9634,24.3654,70.9771,-2.7447,1.6422,10,13.2533,12.1303,paca,italian,3,paka,p,voiceless,a,central,low,k,voiceless,velar
it05,0,11/06/2017 16:53:04,Dico paca lentamente,max_TD,62.3073,26.1984,26.1497,69.7491,-2.3289,1.4229,10,13.2373,11.6601,paca,italian,3,paka,p,voiceless,a,central,low,k,voiceless,velar
it05,0,11/06/2017 16:54:25,Dico paca lentamente,max_TD,61.3806,24.4198,24.1795,71.3485,-3.6335,2.3575,10,13.2113,10.8946,paca,italian,3,paka,p,voiceless,a,central,low,k,voiceless,velar
it05,0,11/06/2017 16:55:46,Dico paca lentamente,max_TD,63.0153,22.3103,22.357,70.4399,-3.9425,2.5101,10,13.2474,11.9578,paca,italian,3,paka,p,voiceless,a,central,low,k,voiceless,velar
it05,0,11/06/2017 16:47:37,Dico pata lentamente,max_TT,65.2863,16.5138,16.4833,62.9114,17.6554,16.6292,11,11.2687,12.1459,pata,italian,1,pata,p,voiceless,a,central,low,t,voiceless,coronal
it05,0,11/06/2017 16:48:39,Dico paca lentamente,max_TD,64.4272,23.9906,23.8247,69.8976,-3.1757,2.0447,11,11.2745,13.7455,paca,italian,3,paka,p,voiceless,a,central,low,k,voiceless,velar
it05,0,11/06/2017 16:49:56,Dico pata lentamente,max_TT,65.2082,21.6408,21.6217,62.9914,5.3892,4.2114,11,11.2689,12.2074,pata,italian,1,pata,p,voiceless,a,central,low,t,voiceless,coronal
it05,0,11/06/2017 16:50:18,Dico paca lentamente,max_TD,64.3374,23.6435,23.386,70.5446,-2.9087,1.5125,11,11.2763,14.2331,paca,italian,3,paka,p,voiceless,a,central,low,k,voiceless,velar
it05,0,11/06/2017 16:51:37,Dico paca lentamente,max_TD,63.6524,24.9634,24.3654,70.9771,-2.7447,1.6422,11,11.2716,12.956,paca,italian,3,paka,p,voiceless,a,central,low,k,voiceless,velar
it05,0,11/06/2017 16:53:04,Dico paca lentamente,max_TD,62.3073,26.1984,26.1497,69.7491,-2.3289,1.4229,11,11.2733,13.4169,paca,italian,3,paka,p,voiceless,a,central,low,k,voiceless,velar
it05,0,11/06/2017 16:54:25,Dico paca lentamente,max_TD,61.3806,24.4198,24.1795,71.3485,-3.6335,2.3575,11,11.27,12.5059,paca,italian,3,paka,p,voiceless,a,central,low,k,voiceless,velar
it05,0,11/06/2017 16:55:46,Dico paca lentamente,max_TD,63.0153,22.3103,22.357,70.4399,-3.9425,2.5101,11,11.2719,13.0222,paca,italian,3,paka,p,voiceless,a,central,low,k,voiceless,velar
it05,0,11/06/2017 16:47:37,Dico pata lentamente,max_TT,65.2863,16.5138,16.4833,62.9114,17.6554,16.6292,12,9.2828,12.2139,pata,italian,1,pata,p,voiceless,a,central,low,t,voiceless,coronal
it05,0,11/06/2017 16:48:39,Dico paca lentamente,max_TD,64.4272,23.9906,23.8247,69.8976,-3.1757,2.0447,12,9.2116,14.8834,paca,italian,3,paka,p,voiceless,a,central,low,k,voiceless,velar
it05,0,11/06/2017 16:49:56,Dico pata lentamente,max_TT,65.2082,21.6408,21.6217,62.9914,5.3892,4.2114,12,9.2834,12.1881,pata,italian,1,pata,p,voiceless,a,central,low,t,voiceless,coronal
it05,0,11/06/2017 16:50:18,Dico paca lentamente,max_TD,64.3374,23.6435,23.386,70.5446,-2.9087,1.5125,12,9.1991,15.352,paca,italian,3,paka,p,voiceless,a,central,low,k,voiceless,velar
it05,0,11/06/2017 16:51:37,Dico paca lentamente,max_TD,63.6524,24.9634,24.3654,70.9771,-2.7447,1.6422,12,9.2341,14.0404,paca,italian,3,paka,p,voiceless,a,central,low,k,voiceless,velar
it05,0,11/06/2017 16:53:04,Dico paca lentamente,max_TD,62.3073,26.1984,26.1497,69.7491,-2.3289,1.4229,12,9.2057,15.1075,paca,italian,3,paka,p,voiceless,a,central,low,k,voiceless,velar
it05,0,11/06/2017 16:54:25,Dico paca lentamente,max_TD,61.3806,24.4198,24.1795,71.3485,-3.6335,2.3575,12,9.2379,13.8954,paca,italian,3,paka,p,voiceless,a,central,low,k,voiceless,velar
it05,0,11/06/2017 16:55:46,Dico paca lentamente,max_TD,63.0153,22.3103,22.357,70.4399,-3.9425,2.5101,12,9.2301,14.1915,paca,italian,3,paka,p,voiceless,a,central,low,k,voiceless,velar
it05,0,11/06/2017 16:47:37,Dico pata lentamente,max_TT,65.2863,16.5138,16.4833,62.9114,17.6554,16.6292,13,7.2928,12.2125,pata,italian,1,pata,p,voiceless,a,central,low,t,voiceless,coronal
it05,0,11/06/2017 16:48:39,Dico paca lentamente,max_TD,64.4272,23.9906,23.8247,69.8976,-3.1757,2.0447,13,7.0845,15.8648,paca,italian,3,paka,p,voiceless,a,central,low,k,voiceless,velar
it05,0,11/06/2017 16:49:56,Dico pata lentamente,max_TT,65.2082,21.6408,21.6217,62.9914,5.3892,4.2114,13,7.3036,12.0231,pata,italian,1,pata,p,voiceless,a,central,low,t,voiceless,coronal
it05,0,11/06/2017 16:50:18,Dico paca lentamente,max_TD,64.3374,23.6435,23.386,70.5446,-2.9087,1.5125,13,7.0493,16.4834,paca,italian,3,paka,p,voiceless,a,central,low,k,voiceless,velar
it05,0,11/06/2017 16:51:37,Dico paca lentamente,max_TD,63.6524,24.9634,24.3654,70.9771,-2.7447,1.6422,13,7.124,15.1731,paca,italian,3,paka,p,voiceless,a,central,low,k,voiceless,velar
it05,0,11/06/2017 16:53:04,Dico paca lentamente,max_TD,62.3073,26.1984,26.1497,69.7491,-2.3289,1.4229,13,7.0297,16.8256,paca,italian,3,paka,p,voiceless,a,central,low,k,voiceless,velar
it05,0,11/06/2017 16:54:25,Dico paca lentamente,max_TD,61.3806,24.4198,24.1795,71.3485,-3.6335,2.3575,13,7.119,15.2601,paca,italian,3,paka,p,voiceless,a,central,low,k,voiceless,velar
it05,0,11/06/2017 16:55:46,Dico paca lentamente,max_TD,63.0153,22.3103,22.357,70.4399,-3.9425,2.5101,13,7.1191,15.259,paca,italian,3,paka,p,voiceless,a,central,low,k,voiceless,velar
it05,0,11/06/2017 16:47:37,Dico pata lentamente,max_TT,65.2863,16.5138,16.4833,62.9114,17.6554,16.6292,14,5.3064,12.0934,pata,italian,1,pata,p,voiceless,a,central,low,t,voiceless,coronal
it05,0,11/06/2017 16:48:39,Dico paca lentamente,max_TD,64.4272,23.9906,23.8247,69.8976,-3.1757,2.0447,14,4.8927,16.8198,paca,italian,3,paka,p,voiceless,a,central,low,k,voiceless,velar
it05,0,11/06/2017 16:49:56,Dico pata lentamente,max_TT,65.2082,21.6408,21.6217,62.9914,5.3892,4.2114,14,5.3379,11.7334,pata,italian,1,pata,p,voiceless,a,central,low,t,voiceless,coronal
it05,0,11/06/2017 16:50:18,Dico paca lentamente,max_TD,64.3374,23.6435,23.386,70.5446,-2.9087,1.5125,14,4.8408,17.4135,paca,italian,3,paka,p,voiceless,a,central,low,k,voiceless,velar
it05,0,11/06/2017 16:51:37,Dico paca lentamente,max_TD,63.6524,24.9634,24.3654,70.9771,-2.7447,1.6422,14,4.9541,16.119,paca,italian,3,paka,p,voiceless,a,central,low,k,voiceless,velar
it05,0,11/06/2017 16:53:04,Dico paca lentamente,max_TD,62.3073,26.1984,26.1497,69.7491,-2.3289,1.4229,14,4.8001,17.8782,paca,italian,3,paka,p,voiceless,a,central,low,k,voiceless,velar
it05,0,11/06/2017 16:54:25,Dico paca lentamente,max_TD,61.3806,24.4198,24.1795,71.3485,-3.6335,2.3575,14,4.9268,16.4306,paca,italian,3,paka,p,voiceless,a,central,low,k,voiceless,velar
it05,0,11/06/2017 16:55:46,Dico paca lentamente,max_TD,63.0153,22.3103,22.357,70.4399,-3.9425,2.5101,14,4.9434,16.2403,paca,italian,3,paka,p,voiceless,a,central,low,k,voiceless,velar
it05,0,11/06/2017 16:47:37,Dico pata lentamente,max_TT,65.2863,16.5138,16.4833,62.9114,17.6554,16.6292,15,3.369,11.5305,pata,italian,1,pata,p,voiceless,a,central,low,t,voiceless,coronal
it05,0,11/06/2017 16:48:39,Dico paca lentamente,max_TD,64.4272,23.9906,23.8247,69.8976,-3.1757,2.0447,15,2.6724,17.4253,paca,italian,3,paka,p,voiceless,a,central,low,k,voiceless,velar
it05,0,11/06/2017 16:49:56,Dico pata lentamente,max_TT,65.2082,21.6408,21.6217,62.9914,5.3892,4.2114,15,3.4088,11.1943,pata,italian,1,pata,p,voiceless,a,central,low,t,voiceless,coronal
it05,0,11/06/2017 16:50:18,Dico paca lentamente,max_TD,64.3374,23.6435,23.386,70.5446,-2.9087,1.5125,15,2.619,17.8776,paca,italian,3,paka,p,voiceless,a,central,low,k,voiceless,velar
it05,0,11/06/2017 16:51:37,Dico paca lentamente,max_TD,63.6524,24.9634,24.3654,70.9771,-2.7447,1.6422,15,2.7294,16.9436,paca,italian,3,paka,p,voiceless,a,central,low,k,voiceless,velar
it05,0,11/06/2017 16:53:04,Dico paca lentamente,max_TD,62.3073,26.1984,26.1497,69.7491,-2.3289,1.4229,15,2.6112,17.9436,paca,italian,3,paka,p,voiceless,a,central,low,k,voiceless,velar
it05,0,11/06/2017 16:54:25,Dico paca lentamente,max_TD,61.3806,24.4198,24.1795,71.3485,-3.6335,2.3575,15,2.724,16.9894,paca,italian,3,paka,p,voiceless,a,central,low,k,voiceless,velar
it05,0,11/06/2017 16:55:46,Dico paca lentamente,max_TD,63.0153,22.3103,22.357,70.4399,-3.9425,2.5101,15,2.7284,16.9521,paca,italian,3,paka,p,voiceless,a,central,low,k,voiceless,velar
it05,0,11/06/2017 16:47:37,Dico pata lentamente,max_TT,65.2863,16.5138,16.4833,62.9114,17.6554,16.6292,16,1.491,10.706,pata,italian,1,pata,p,voiceless,a,central,low,t,voiceless,coronal
it05,0,11/06/2017 16:48:39,Dico paca lentamente,max_TD,64.4272,23.9906,23.8247,69.8976,-3.1757,2.0447,16,0.458,17.6371,paca,italian,3,paka,p,voiceless,a,central,low,k,voiceless,velar
it05,0,11/06/2017 16:49:56,Dico pata lentamente,max_TT,65.2082,21.6408,21.6217,62.9914,5.3892,4.2114,16,1.541,10.3706,pata,italian,1,pata,p,voiceless,a,central,low,t,voiceless,coronal
it05,0,11/06/2017 16:50:18,Dico paca lentamente,max_TD,64.3374,23.6435,23.386,70.5446,-2.9087,1.5125,16,0.4197,17.8939,paca,italian,3,paka,p,voiceless,a,central,low,k,voiceless,velar
it05,0,11/06/2017 16:51:37,Dico paca lentamente,max_TD,63.6524,24.9634,24.3654,70.9771,-2.7447,1.6422,16,0.4886,17.4319,paca,italian,3,paka,p,voiceless,a,central,low,k,voiceless,velar
it05,0,11/06/2017 16:53:04,Dico paca lentamente,max_TD,62.3073,26.1984,26.1497,69.7491,-2.3289,1.4229,16,0.4481,17.7033,paca,italian,3,paka,p,voiceless,a,central,low,k,voiceless,velar
it05,0,11/06/2017 16:54:25,Dico paca lentamente,max_TD,61.3806,24.4198,24.1795,71.3485,-3.6335,2.3575,16,0.5188,17.2293,paca,italian,3,paka,p,voiceless,a,central,low,k,voiceless,velar
it05,0,11/06/2017 16:55:46,Dico paca lentamente,max_TD,63.0153,22.3103,22.357,70.4399,-3.9425,2.5101,16,0.5179,17.2349,paca,italian,3,paka,p,voiceless,a,central,low,k,voiceless,velar
it05,0,11/06/2017 16:47:37,Dico pata lentamente,max_TT,65.2863,16.5138,16.4833,62.9114,17.6554,16.6292,17,-0.3402,9.81,pata,italian,1,pata,p,voiceless,a,central,low,t,voiceless,coronal
it05,0,11/06/2017 16:48:39,Dico paca lentamente,max_TD,64.4272,23.9906,23.8247,69.8976,-3.1757,2.0447,17,-1.6483,17.0694,paca,italian,3,paka,p,voiceless,a,central,low,k,voiceless,velar
it05,0,11/06/2017 16:49:56,Dico pata lentamente,max_TT,65.2082,21.6408,21.6217,62.9914,5.3892,4.2114,17,-0.2744,9.4445,pata,italian,1,pata,p,voiceless,a,central,low,t,voiceless,coronal
it05,0,11/06/2017 16:50:18,Dico paca lentamente,max_TD,64.3374,23.6435,23.386,70.5446,-2.9087,1.5125,17,-1.6815,17.2539,paca,italian,3,paka,p,voiceless,a,central,low,k,voiceless,velar
it05,0,11/06/2017 16:51:37,Dico paca lentamente,max_TD,63.6524,24.9634,24.3654,70.9771,-2.7447,1.6422,17,-1.6952,17.3299,paca,italian,3,paka,p,voiceless,a,central,low,k,voiceless,velar
it05,0,11/06/2017 16:53:04,Dico paca lentamente,max_TD,62.3073,26.1984,26.1497,69.7491,-2.3289,1.4229,17,-1.6741,17.2127,paca,italian,3,paka,p,voiceless,a,central,low,k,voiceless,velar
it05,0,11/06/2017 16:54:25,Dico paca lentamente,max_TD,61.3806,24.4198,24.1795,71.3485,-3.6335,2.3575,17,-1.6847,17.2714,paca,italian,3,paka,p,voiceless,a,central,low,k,voiceless,velar
it05,0,11/06/2017 16:55:46,Dico paca lentamente,max_TD,63.0153,22.3103,22.357,70.4399,-3.9425,2.5101,17,-1.6468,17.0613,paca,italian,3,paka,p,voiceless,a,central,low,k,voiceless,velar
it05,0,11/06/2017 16:47:37,Dico pata lentamente,max_TT,65.2863,16.5138,16.4833,62.9114,17.6554,16.6292,18,-2.1214,8.8373,pata,italian,1,pata,p,voiceless,a,central,low,t,voiceless,coronal
it05,0,11/06/2017 16:48:39,Dico paca lentamente,max_TD,64.4272,23.9906,23.8247,69.8976,-3.1757,2.0447,18,-3.6545,16.0795,paca,italian,3,paka,p,voiceless,a,central,low,k,voiceless,velar
it05,0,11/06/2017 16:49:56,Dico pata lentamente,max_TT,65.2082,21.6408,21.6217,62.9914,5.3892,4.2114,18,-2.0675,8.5828,pata,italian,1,pata,p,voiceless,a,central,low,t,voiceless,coronal
it05,0,11/06/2017 16:50:18,Dico paca lentamente,max_TD,64.3374,23.6435,23.386,70.5446,-2.9087,1.5125,18,-3.6882,16.2387,paca,italian,3,paka,p,voiceless,a,central,low,k,voiceless,velar
it05,0,11/06/2017 16:51:37,Dico paca lentamente,max_TD,63.6524,24.9634,24.3654,70.9771,-2.7447,1.6422,18,-3.7596,16.576,paca,italian,3,paka,p,voiceless,a,central,low,k,voiceless,velar
it05,0,11/06/2017 16:53:04,Dico paca lentamente,max_TD,62.3073,26.1984,26.1497,69.7491,-2.3289,1.4229,18,-3.6199,15.9162,paca,italian,3,paka,p,voiceless,a,central,low,k,voiceless,velar
it05,0,11/06/2017 16:54:25,Dico paca lentamente,max_TD,61.3806,24.4198,24.1795,71.3485,-3.6335,2.3575,18,-3.8592,17.0466,paca,italian,3,paka,p,voiceless,a,central,low,k,voiceless,velar
it05,0,11/06/2017 16:55:46,Dico paca lentamente,max_TD,63.0153,22.3103,22.357,70.4399,-3.9425,2.5101,18,-3.7109,16.3462,paca,italian,3,paka,p,voiceless,a,central,low,k,voiceless,velar
it05,0,11/06/2017 16:47:37,Dico pata lentamente,max_TT,65.2863,16.5138,16.4833,62.9114,17.6554,16.6292,19,-3.8223,7.6846,pata,italian,1,pata,p,voiceless,a,central,low,t,voiceless,coronal
it05,0,11/06/2017 16:48:39,Dico paca lentamente,max_TD,64.4272,23.9906,23.8247,69.8976,-3.1757,2.0447,19,-5.5436,14.7508,paca,italian,3,paka,p,voiceless,a,central,low,k,voiceless,velar
it05,0,11/06/2017 16:49:56,Dico pata lentamente,max_TT,65.2082,21.6408,21.6217,62.9914,5.3892,4.2114,19,-3.7651,7.4495,pata,italian,1,pata,p,voiceless,a,central,low,t,voiceless,coronal
it05,0,11/06/2017 16:50:18,Dico paca lentamente,max_TD,64.3374,23.6435,23.386,70.5446,-2.9087,1.5125,19,-5.6358,15.1294,paca,italian,3,paka,p,voiceless,a,central,low,k,voiceless,velar
it05,0,11/06/2017 16:51:37,Dico paca lentamente,max_TD,63.6524,24.9634,24.3654,70.9771,-2.7447,1.6422,19,-5.7517,15.6052,paca,italian,3,paka,p,voiceless,a,central,low,k,voiceless,velar
it05,0,11/06/2017 16:53:04,Dico paca lentamente,max_TD,62.3073,26.1984,26.1497,69.7491,-2.3289,1.4229,19,-5.4558,14.3905,paca,italian,3,paka,p,voiceless,a,central,low,k,voiceless,velar
it05,0,11/06/2017 16:54:25,Dico paca lentamente,max_TD,61.3806,24.4198,24.1795,71.3485,-3.6335,2.3575,19,-5.8788,16.127,paca,italian,3,paka,p,voiceless,a,central,low,k,voiceless,velar
it05,0,11/06/2017 16:55:46,Dico paca lentamente,max_TD,63.0153,22.3103,22.357,70.4399,-3.9425,2.5101,19,-5.694,15.3682,paca,italian,3,paka,p,voiceless,a,central,low,k,voiceless,velar
it05,0,11/06/2017 16:47:37,Dico pata lentamente,max_TT,65.2863,16.5138,16.4833,62.9114,17.6554,16.6292,20,-5.4952,6.5939,pata,italian,1,pata,p,voiceless,a,central,low,t,voiceless,coronal
it05,0,11/06/2017 16:48:39,Dico paca lentamente,max_TD,64.4272,23.9906,23.8247,69.8976,-3.1757,2.0447,20,-7.2119,12.8142,paca,italian,3,paka,p,voiceless,a,central,low,k,voiceless,velar
it05,0,11/06/2017 16:49:56,Dico pata lentamente,max_TT,65.2082,21.6408,21.6217,62.9914,5.3892,4.2114,20,-5.4965,6.5985,pata,italian,1,pata,p,voiceless,a,central,low,t,voiceless,coronal
it05,0,11/06/2017 16:50:18,Dico paca lentamente,max_TD,64.3374,23.6435,23.386,70.5446,-2.9087,1.5125,20,-7.4302,13.6053,paca,italian,3,paka,p,voiceless,a,central,low,k,voiceless,velar
it05,0,11/06/2017 16:51:37,Dico paca lentamente,max_TD,63.6524,24.9634,24.3654,70.9771,-2.7447,1.6422,20,-7.6111,14.2607,paca,italian,3,paka,p,voiceless,a,central,low,k,voiceless,velar
it05,0,11/06/2017 16:53:04,Dico paca lentamente,max_TD,62.3073,26.1984,26.1497,69.7491,-2.3289,1.4229,20,-7.213,12.8181,paca,italian,3,paka,p,voiceless,a,central,low,k,voiceless,velar
it05,0,11/06/2017 16:54:25,Dico paca lentamente,max_TD,61.3806,24.4198,24.1795,71.3485,-3.6335,2.3575,20,-7.7768,14.8615,paca,italian,3,paka,p,voiceless,a,central,low,k,voiceless,velar
it05,0,11/06/2017 16:55:46,Dico paca lentamente,max_TD,63.0153,22.3103,22.357,70.4399,-3.9425,2.5101,20,-7.5766,14.1359,paca,italian,3,paka,p,voiceless,a,central,low,k,voiceless,velar
it05,0,11/06/2017 16:47:37,Dico pata lentamente,max_TT,65.2863,16.5138,16.4833,62.9114,17.6554,16.6292,21,-7.1501,5.5694,pata,italian,1,pata,p,voiceless,a,central,low,t,voiceless,coronal
it05,0,11/06/2017 16:48:39,Dico paca lentamente,max_TD,64.4272,23.9906,23.8247,69.8976,-3.1757,2.0447,21,-8.7564,10.7696,paca,italian,3,paka,p,voiceless,a,central,low,k,voiceless,velar
it05,0,11/06/2017 16:49:56,Dico pata lentamente,max_TT,65.2082,21.6408,21.6217,62.9914,5.3892,4.2114,21,-7.1302,5.5051,pata,italian,1,pata,p,voiceless,a,central,low,t,voiceless,coronal
it05,0,11/06/2017 16:50:18,Dico paca lentamente,max_TD,64.3374,23.6435,23.386,70.5446,-2.9087,1.5125,21,-9.1066,11.9031,paca,italian,3,paka,p,voiceless,a,central,low,k,voiceless,velar
it05,0,11/06/2017 16:51:37,Dico paca lentamente,max_TD,63.6524,24.9634,24.3654,70.9771,-2.7447,1.6422,21,-9.336,12.6458,paca,italian,3,paka,p,voiceless,a,central,low,k,voiceless,velar
it05,0,11/06/2017 16:53:04,Dico paca lentamente,max_TD,62.3073,26.1984,26.1497,69.7491,-2.3289,1.4229,21,-8.8478,11.0652,paca,italian,3,paka,p,voiceless,a,central,low,k,voiceless,velar
it05,0,11/06/2017 16:54:25,Dico paca lentamente,max_TD,61.3806,24.4198,24.1795,71.3485,-3.6335,2.3575,21,-9.621,13.5684,paca,italian,3,paka,p,voiceless,a,central,low,k,voiceless,velar
it05,0,11/06/2017 16:55:46,Dico paca lentamente,max_TD,63.0153,22.3103,22.357,70.4399,-3.9425,2.5101,21,-9.3157,12.5801,paca,italian,3,paka,p,voiceless,a,central,low,k,voiceless,velar
it05,0,11/06/2017 16:47:37,Dico pata lentamente,max_TT,65.2863,16.5138,16.4833,62.9114,17.6554,16.6292,22,-8.67,4.2444,pata,italian,1,pata,p,voiceless,a,central,low,t,voiceless,coronal
it05,0,11/06/2017 16:48:39,Dico paca lentamente,max_TD,64.4272,23.9906,23.8247,69.8976,-3.1757,2.0447,22,-10.2403,8.8301,paca,italian,3,paka,p,voiceless,a,central,low,k,voiceless,velar
it05,0,11/06/2017 16:49:56,Dico pata lentamente,max_TT,65.2082,21.6408,21.6217,62.9914,5.3892,4.2114,22,-8.7028,4.3403,pata,italian,1,pata,p,voiceless,a,central,low,t,voiceless,coronal
it05,0,11/06/2017 16:50:18,Dico paca lentamente,max_TD,64.3374,23.6435,23.386,70.5446,-2.9087,1.5125,22,-10.6563,10.0448,paca,italian,3,paka,p,voiceless,a,central,low,k,voiceless,velar
it05,0,11/06/2017 16:51:37,Dico paca lentamente,max_TD,63.6524,24.9634,24.3654,70.9771,-2.7447,1.6422,22,-10.9919,11.025,paca,italian,3,paka,p,voiceless,a,central,low,k,voiceless,velar
it05,0,11/06/2017 16:53:04,Dico paca lentamente,max_TD,62.3073,26.1984,26.1497,69.7491,-2.3289,1.4229,22,-10.4036,9.307,paca,italian,3,paka,p,voiceless,a,central,low,k,voiceless,velar
it05,0,11/06/2017 16:54:25,Dico paca lentamente,max_TD,61.3806,24.4198,24.1795,71.3485,-3.6335,2.3575,22,-11.4144,12.2587,paca,italian,3,paka,p,voiceless,a,central,low,k,voiceless,velar
it05,0,11/06/2017 16:55:46,Dico paca lentamente,max_TD,63.0153,22.3103,22.357,70.4399,-3.9425,2.5101,22,-10.8756,10.6854,paca,italian,3,paka,p,voiceless,a,central,low,k,voiceless,velar
it05,0,11/06/2017 16:47:37,Dico pata lentamente,max_TT,65.2863,16.5138,16.4833,62.9114,17.6554,16.6292,23,-10.1216,2.8673,pata,italian,1,pata,p,voiceless,a,central,low,t,voiceless,coronal
it05,0,11/06/2017 16:48:39,Dico paca lentamente,max_TD,64.4272,23.9906,23.8247,69.8976,-3.1757,2.0447,23,-11.7294,7.1355,paca,italian,3,paka,p,voiceless,a,central,low,k,voiceless,velar
it05,0,11/06/2017 16:49:56,Dico pata lentamente,max_TT,65.2082,21.6408,21.6217,62.9914,5.3892,4.2114,23,-10.1691,2.9933,pata,italian,1,pata,p,voiceless,a,central,low,t,voiceless,coronal
it05,0,11/06/2017 16:50:18,Dico paca lentamente,max_TD,64.3374,23.6435,23.386,70.5446,-2.9087,1.5125,23,-12.1283,8.1947,paca,italian,3,paka,p,voiceless,a,central,low,k,voiceless,velar
it05,0,11/06/2017 16:51:37,Dico paca lentamente,max_TD,63.6524,24.9634,24.3654,70.9771,-2.7447,1.6422,23,-12.684,9.6697,paca,italian,3,paka,p,voiceless,a,central,low,k,voiceless,velar
it05,0,11/06/2017 16:53:04,Dico paca lentamente,max_TD,62.3073,26.1984,26.1497,69.7491,-2.3289,1.4229,23,-12.1047,8.1319,paca,italian,3,paka,p,voiceless,a,central,low,k,voiceless,velar
it05,0,11/06/2017 16:54:25,Dico paca lentamente,max_TD,61.3806,24.4198,24.1795,71.3485,-3.6335,2.3575,23,-12.8652,10.1508,paca,italian,3,paka,p,voiceless,a,central,low,k,voiceless,velar
it05,0,11/06/2017 16:55:46,Dico paca lentamente,max_TD,63.0153,22.3103,22.357,70.4399,-3.9425,2.5101,23,-12.452,9.0539,paca,italian,3,paka,p,voiceless,a,central,low,k,voiceless,velar
it05,0,11/06/2017 16:47:37,Dico pata lentamente,max_TT,65.2863,16.5138,16.4833,62.9114,17.6554,16.6292,24,-11.4688,1.3604,pata,italian,1,pata,p,voiceless,a,central,low,t,voiceless,coronal
it05,0,11/06/2017 16:48:39,Dico paca lentamente,max_TD,64.4272,23.9906,23.8247,69.8976,-3.1757,2.0447,24,-13.1006,5.3237,paca,italian,3,paka,p,voiceless,a,central,low,k,voiceless,velar
it05,0,11/06/2017 16:49:56,Dico pata lentamente,max_TT,65.2082,21.6408,21.6217,62.9914,5.3892,4.2114,24,-11.559,1.5795,pata,italian,1,pata,p,voiceless,a,central,low,t,voiceless,coronal
it05,0,11/06/2017 16:50:18,Dico paca lentamente,max_TD,64.3374,23.6435,23.386,70.5446,-2.9087,1.5125,24,-13.3104,5.8333,paca,italian,3,paka,p,voiceless,a,central,low,k,voiceless,velar
it05,0,11/06/2017 16:51:37,Dico paca lentamente,max_TD,63.6524,24.9634,24.3654,70.9771,-2.7447,1.6422,24,-14.1311,7.8265,paca,italian,3,paka,p,voiceless,a,central,low,k,voiceless,velar
it05,0,11/06/2017 16:53:04,Dico paca lentamente,max_TD,62.3073,26.1984,26.1497,69.7491,-2.3289,1.4229,24,-13.567,6.4565,paca,italian,3,paka,p,voiceless,a,central,low,k,voiceless,velar
it05,0,11/06/2017 16:54:25,Dico paca lentamente,max_TD,61.3806,24.4198,24.1795,71.3485,-3.6335,2.3575,24,-14.4574,8.6192,paca,italian,3,paka,p,voiceless,a,central,low,k,voiceless,velar
it05,0,11/06/2017 16:55:46,Dico paca lentamente,max_TD,63.0153,22.3103,22.357,70.4399,-3.9425,2.5101,24,-13.983,7.467,paca,italian,3,paka,p,voiceless,a,central,low,k,voiceless,velar
it05,0,11/06/2017 16:47:37,Dico pata lentamente,max_TT,65.2863,16.5138,16.4833,62.9114,17.6554,16.6292,25,-12.8017,-0.0476,pata,italian,1,pata,p,voiceless,a,central,low,t,voiceless,coronal
it05,0,11/06/2017 16:48:39,Dico paca lentamente,max_TD,64.4272,23.9906,23.8247,69.8976,-3.1757,2.0447,25,-14.5037,3.7543,paca,italian,3,paka,p,voiceless,a,central,low,k,voiceless,velar
it05,0,11/06/2017 16:49:56,Dico pata lentamente,max_TT,65.2082,21.6408,21.6217,62.9914,5.3892,4.2114,25,-12.8064,-0.0371,pata,italian,1,pata,p,voiceless,a,central,low,t,voiceless,coronal
it05,0,11/06/2017 16:50:18,Dico paca lentamente,max_TD,64.3374,23.6435,23.386,70.5446,-2.9087,1.5125,25,-14.4522,3.6393,paca,italian,3,paka,p,voiceless,a,central,low,k,voiceless,velar
it05,0,11/06/2017 16:51:37,Dico paca lentamente,max_TD,63.6524,24.9634,24.3654,70.9771,-2.7447,1.6422,25,-15.4803,5.9359,paca,italian,3,paka,p,voiceless,a,central,low,k,voiceless,velar
it05,0,11/06/2017 16:53:04,Dico paca lentamente,max_TD,62.3073,26.1984,26.1497,69.7491,-2.3289,1.4229,25,-15.0216,4.9113,paca,italian,3,paka,p,voiceless,a,central,low,k,voiceless,velar
it05,0,11/06/2017 16:54:25,Dico paca lentamente,max_TD,61.3806,24.4198,24.1795,71.3485,-3.6335,2.3575,25,-15.9166,6.9106,paca,italian,3,paka,p,voiceless,a,central,low,k,voiceless,velar
it05,0,11/06/2017 16:55:46,Dico paca lentamente,max_TD,63.0153,22.3103,22.357,70.4399,-3.9425,2.5101,25,-15.3987,5.7537,paca,italian,3,paka,p,voiceless,a,central,low,k,voiceless,velar
it05,0,11/06/2017 16:47:37,Dico pata lentamente,max_TT,65.2863,16.5138,16.4833,62.9114,17.6554,16.6292,26,-14.1051,-1.4137,pata,italian,1,pata,p,voiceless,a,central,low,t,voiceless,coronal
it05,0,11/06/2017 16:48:39,Dico paca lentamente,max_TD,64.4272,23.9906,23.8247,69.8976,-3.1757,2.0447,26,-15.6411,1.7561,paca,italian,3,paka,p,voiceless,a,central,low,k,voiceless,velar
it05,0,11/06/2017 16:49:56,Dico pata lentamente,max_TT,65.2082,21.6408,21.6217,62.9914,5.3892,4.2114,26,-14.1274,-1.3677,pata,italian,1,pata,p,voiceless,a,central,low,t,voiceless,coronal
it05,0,11/06/2017 16:50:18,Dico paca lentamente,max_TD,64.3374,23.6435,23.386,70.5446,-2.9087,1.5125,26,-15.5409,1.5495,paca,italian,3,paka,p,voiceless,a,central,low,k,voiceless,velar
it05,0,11/06/2017 16:51:37,Dico paca lentamente,max_TD,63.6524,24.9634,24.3654,70.9771,-2.7447,1.6422,26,-16.663,3.865,paca,italian,3,paka,p,voiceless,a,central,low,k,voiceless,velar
it05,0,11/06/2017 16:53:04,Dico paca lentamente,max_TD,62.3073,26.1984,26.1497,69.7491,-2.3289,1.4229,26,-16.2891,3.0934,paca,italian,3,paka,p,voiceless,a,central,low,k,voiceless,velar
it05,0,11/06/2017 16:54:25,Dico paca lentamente,max_TD,61.3806,24.4198,24.1795,71.3485,-3.6335,2.3575,26,-17.2256,5.0259,paca,italian,3,paka,p,voiceless,a,central,low,k,voiceless,velar
it05,0,11/06/2017 16:55:46,Dico paca lentamente,max_TD,63.0153,22.3103,22.357,70.4399,-3.9425,2.5101,26,-16.6248,3.7862,paca,italian,3,paka,p,voiceless,a,central,low,k,voiceless,velar
it05,0,11/06/2017 16:47:37,Dico pata lentamente,max_TT,65.2863,16.5138,16.4833,62.9114,17.6554,16.6292,27,-15.436,-2.6393,pata,italian,1,pata,p,voiceless,a,central,low,t,voiceless,coronal
it05,0,11/06/2017 16:48:39,Dico paca lentamente,max_TD,64.4272,23.9906,23.8247,69.8976,-3.1757,2.0447,27,-16.7738,-0.0793,paca,italian,3,paka,p,voiceless,a,central,low,k,voiceless,velar
it05,0,11/06/2017 16:49:56,Dico pata lentamente,max_TT,65.2082,21.6408,21.6217,62.9914,5.3892,4.2114,27,-15.3179,-2.8651,pata,italian,1,pata,p,voiceless,a,central,low,t,voiceless,coronal
it05,0,11/06/2017 16:50:18,Dico paca lentamente,max_TD,64.3374,23.6435,23.386,70.5446,-2.9087,1.5125,27,-16.5896,-0.4316,paca,italian,3,paka,p,voiceless,a,central,low,k,voiceless,velar
it05,0,11/06/2017 16:51:37,Dico paca lentamente,max_TD,63.6524,24.9634,24.3654,70.9771,-2.7447,1.6422,27,-17.6554,1.6078,paca,italian,3,paka,p,voiceless,a,central,low,k,voiceless,velar
it05,0,11/06/2017 16:53:04,Dico paca lentamente,max_TD,62.3073,26.1984,26.1497,69.7491,-2.3289,1.4229,27,-17.3953,1.1101,paca,italian,3,paka,p,voiceless,a,central,low,k,voiceless,velar
it05,0,11/06/2017 16:54:25,Dico paca lentamente,max_TD,61.3806,24.4198,24.1795,71.3485,-3.6335,2.3575,27,-18.3618,2.9594,paca,italian,3,paka,p,voiceless,a,central,low,k,voiceless,velar
it05,0,11/06/2017 16:55:46,Dico paca lentamente,max_TD,63.0153,22.3103,22.357,70.4399,-3.9425,2.5101,27,-17.8663,2.0112,paca,italian,3,paka,p,voiceless,a,central,low,k,voiceless,velar
it05,0,11/06/2017 16:47:37,Dico pata lentamente,max_TT,65.2863,16.5138,16.4833,62.9114,17.6554,16.6292,28,-16.6618,-3.9949,pata,italian,1,pata,p,voiceless,a,central,low,t,voiceless,coronal
it05,0,11/06/2017 16:48:39,Dico paca lentamente,max_TD,64.4272,23.9906,23.8247,69.8976,-3.1757,2.0447,28,-17.7023,-2.1428,paca,italian,3,paka,p,voiceless,a,central,low,k,voiceless,velar
it05,0,11/06/2017 16:49:56,Dico pata lentamente,max_TT,65.2082,21.6408,21.6217,62.9914,5.3892,4.2114,28,-16.4316,-4.4045,pata,italian,1,pata,p,voiceless,a,central,low,t,voiceless,coronal
it05,0,11/06/2017 16:50:18,Dico paca lentamente,max_TD,64.3374,23.6435,23.386,70.5446,-2.9087,1.5125,28,-17.5039,-2.4959,paca,italian,3,paka,p,voiceless,a,central,low,k,voiceless,velar
it05,0,11/06/2017 16:51:37,Dico paca lentamente,max_TD,63.6524,24.9634,24.3654,70.9771,-2.7447,1.6422,28,-18.5451,-0.6427,paca,italian,3,paka,p,voiceless,a,central,low,k,voiceless,velar
it05,0,11/06/2017 16:53:04,Dico paca lentamente,max_TD,62.3073,26.1984,26.1497,69.7491,-2.3289,1.4229,28,-18.403,-0.8957,paca,italian,3,paka,p,voiceless,a,central,low,k,voiceless,velar
it05,0,11/06/2017 16:54:25,Dico paca lentamente,max_TD,61.3806,24.4198,24.1795,71.3485,-3.6335,2.3575,28,-19.5345,1.1183,paca,italian,3,paka,p,voiceless,a,central,low,k,voiceless,velar
it05,0,11/06/2017 16:55:46,Dico paca lentamente,max_TD,63.0153,22.3103,22.357,70.4399,-3.9425,2.5101,28,-18.9067,8e-4,paca,italian,3,paka,p,voiceless,a,central,low,k,voiceless,velar
it05,0,11/06/2017 16:47:37,Dico pata lentamente,max_TT,65.2863,16.5138,16.4833,62.9114,17.6554,16.6292,29,-17.8359,-5.368,pata,italian,1,pata,p,voiceless,a,central,low,t,voiceless,coronal
it05,0,11/06/2017 16:48:39,Dico paca lentamente,max_TD,64.4272,23.9906,23.8247,69.8976,-3.1757,2.0447,29,-18.3685,-4.4838,paca,italian,3,paka,p,voiceless,a,central,low,k,voiceless,velar
it05,0,11/06/2017 16:49:56,Dico pata lentamente,max_TT,65.2082,21.6408,21.6217,62.9914,5.3892,4.2114,29,-17.5825,-5.7885,pata,italian,1,pata,p,voiceless,a,central,low,t,voiceless,coronal
it05,0,11/06/2017 16:50:18,Dico paca lentamente,max_TD,64.3374,23.6435,23.386,70.5446,-2.9087,1.5125,29,-18.3249,-4.5563,paca,italian,3,paka,p,voiceless,a,central,low,k,voiceless,velar
it05,0,11/06/2017 16:51:37,Dico paca lentamente,max_TD,63.6524,24.9634,24.3654,70.9771,-2.7447,1.6422,29,-19.381,-2.8032,paca,italian,3,paka,p,voiceless,a,central,low,k,voiceless,velar
it05,0,11/06/2017 16:53:04,Dico paca lentamente,max_TD,62.3073,26.1984,26.1497,69.7491,-2.3289,1.4229,29,-19.356,-2.8448,paca,italian,3,paka,p,voiceless,a,central,low,k,voiceless,velar
it05,0,11/06/2017 16:54:25,Dico paca lentamente,max_TD,61.3806,24.4198,24.1795,71.3485,-3.6335,2.3575,29,-20.5953,-0.7876,paca,italian,3,paka,p,voiceless,a,central,low,k,voiceless,velar
it05,0,11/06/2017 16:55:46,Dico paca lentamente,max_TD,63.0153,22.3103,22.357,70.4399,-3.9425,2.5101,29,-19.6244,-2.3992,paca,italian,3,paka,p,voiceless,a,central,low,k,voiceless,velar
it05,0,11/06/2017 16:47:37,Dico pata lentamente,max_TT,65.2863,16.5138,16.4833,62.9114,17.6554,16.6292,30,-18.9374,-6.7899,pata,italian,1,pata,p,voiceless,a,central,low,t,voiceless,coronal
it05,0,11/06/2017 16:48:39,Dico paca lentamente,max_TD,64.4272,23.9906,23.8247,69.8976,-3.1757,2.0447,30,-18.9851,-6.7159,paca,italian,3,paka,p,voiceless,a,central,low,k,voiceless,velar
it05,0,11/06/2017 16:49:56,Dico pata lentamente,max_TT,65.2082,21.6408,21.6217,62.9914,5.3892,4.2114,30,-18.642,-7.2481,pata,italian,1,pata,p,voiceless,a,central,low,t,voiceless,coronal
it05,0,11/06/2017 16:50:18,Dico paca lentamente,max_TD,64.3374,23.6435,23.386,70.5446,-2.9087,1.5125,30,-19.0433,-6.6256,paca,italian,3,paka,p,voiceless,a,central,low,k,voiceless,velar
it05,0,11/06/2017 16:51:37,Dico paca lentamente,max_TD,63.6524,24.9634,24.3654,70.9771,-2.7447,1.6422,30,-20.0592,-5.0495,paca,italian,3,paka,p,voiceless,a,central,low,k,voiceless,velar
it05,0,11/06/2017 16:53:04,Dico paca lentamente,max_TD,62.3073,26.1984,26.1497,69.7491,-2.3289,1.4229,30,-20.1168,-4.9601,paca,italian,3,paka,p,voiceless,a,central,low,k,voiceless,velar
it05,0,11/06/2017 16:54:25,Dico paca lentamente,max_TD,61.3806,24.4198,24.1795,71.3485,-3.6335,2.3575,30,-21.466,-2.8669,paca,italian,3,paka,p,voiceless,a,central,low,k,voiceless,velar
it05,0,11/06/2017 16:55:46,Dico paca lentamente,max_TD,63.0153,22.3103,22.357,70.4399,-3.9425,2.5101,30,-20.3427,-4.6096,paca,italian,3,paka,p,voiceless,a,central,low,k,voiceless,velar
it05,0,11/06/2017 16:47:37,Dico pata lentamente,max_TT,65.2863,16.5138,16.4833,62.9114,17.6554,16.6292,31,-19.8821,-8.3756,pata,italian,1,pata,p,voiceless,a,central,low,t,voiceless,coronal
it05,0,11/06/2017 16:48:39,Dico paca lentamente,max_TD,64.4272,23.9906,23.8247,69.8976,-3.1757,2.0447,31,-19.562,-8.8405,paca,italian,3,paka,p,voiceless,a,central,low,k,voiceless,velar
it05,0,11/06/2017 16:49:56,Dico pata lentamente,max_TT,65.2082,21.6408,21.6217,62.9914,5.3892,4.2114,31,-19.6236,-8.7511,pata,italian,1,pata,p,voiceless,a,central,low,t,voiceless,coronal
it05,0,11/06/2017 16:50:18,Dico paca lentamente,max_TD,64.3374,23.6435,23.386,70.5446,-2.9087,1.5125,31,-19.7361,-8.5876,paca,italian,3,paka,p,voiceless,a,central,low,k,voiceless,velar
it05,0,11/06/2017 16:51:37,Dico paca lentamente,max_TD,63.6524,24.9634,24.3654,70.9771,-2.7447,1.6422,31,-20.7181,-7.1611,paca,italian,3,paka,p,voiceless,a,central,low,k,voiceless,velar
it05,0,11/06/2017 16:53:04,Dico paca lentamente,max_TD,62.3073,26.1984,26.1497,69.7491,-2.3289,1.4229,31,-20.8522,-6.9663,paca,italian,3,paka,p,voiceless,a,central,low,k,voiceless,velar
it05,0,11/06/2017 16:54:25,Dico paca lentamente,max_TD,61.3806,24.4198,24.1795,71.3485,-3.6335,2.3575,31,-22.1237,-5.1192,paca,italian,3,paka,p,voiceless,a,central,low,k,voiceless,velar
it05,0,11/06/2017 16:55:46,Dico paca lentamente,max_TD,63.0153,22.3103,22.357,70.4399,-3.9425,2.5101,31,-21.1653,-6.5114,paca,italian,3,paka,p,voiceless,a,central,low,k,voiceless,velar
it05,0,11/06/2017 16:47:37,Dico pata lentamente,max_TT,65.2863,16.5138,16.4833,62.9114,17.6554,16.6292,32,-20.8027,-9.9142,pata,italian,1,pata,p,voiceless,a,central,low,t,voiceless,coronal
it05,0,11/06/2017 16:48:39,Dico paca lentamente,max_TD,64.4272,23.9906,23.8247,69.8976,-3.1757,2.0447,32,-20.0347,-10.9605,paca,italian,3,paka,p,voiceless,a,central,low,k,voiceless,velar
it05,0,11/06/2017 16:49:56,Dico pata lentamente,max_TT,65.2082,21.6408,21.6217,62.9914,5.3892,4.2114,32,-20.6771,-10.0854,pata,italian,1,pata,p,voiceless,a,central,low,t,voiceless,coronal
it05,0,11/06/2017 16:50:18,Dico paca lentamente,max_TD,64.3374,23.6435,23.386,70.5446,-2.9087,1.5125,32,-20.4724,-10.3642,paca,italian,3,paka,p,voiceless,a,central,low,k,voiceless,velar
it05,0,11/06/2017 16:51:37,Dico paca lentamente,max_TD,63.6524,24.9634,24.3654,70.9771,-2.7447,1.6422,32,-21.3689,-9.1429,paca,italian,3,paka,p,voiceless,a,central,low,k,voiceless,velar
it05,0,11/06/2017 16:53:04,Dico paca lentamente,max_TD,62.3073,26.1984,26.1497,69.7491,-2.3289,1.4229,32,-21.526,-8.9288,paca,italian,3,paka,p,voiceless,a,central,low,k,voiceless,velar
it05,0,11/06/2017 16:54:25,Dico paca lentamente,max_TD,61.3806,24.4198,24.1795,71.3485,-3.6335,2.3575,32,-22.9403,-7.002,paca,italian,3,paka,p,voiceless,a,central,low,k,voiceless,velar
it05,0,11/06/2017 16:55:46,Dico paca lentamente,max_TD,63.0153,22.3103,22.357,70.4399,-3.9425,2.5101,32,-22.2013,-8.0089,paca,italian,3,paka,p,voiceless,a,central,low,k,voiceless,velar
it05,0,11/06/2017 16:47:37,Dico pata lentamente,max_TT,65.2863,16.5138,16.4833,62.9114,17.6554,16.6292,33,-21.7668,-11.3297,pata,italian,1,pata,p,voiceless,a,central,low,t,voiceless,coronal
it05,0,11/06/2017 16:48:39,Dico paca lentamente,max_TD,64.4272,23.9906,23.8247,69.8976,-3.1757,2.0447,33,-20.6032,-12.818,paca,italian,3,paka,p,voiceless,a,central,low,k,voiceless,velar
it05,0,11/06/2017 16:49:56,Dico pata lentamente,max_TT,65.2082,21.6408,21.6217,62.9914,5.3892,4.2114,33,-21.8822,-11.182,pata,italian,1,pata,p,voiceless,a,central,low,t,voiceless,coronal
it05,0,11/06/2017 16:50:18,Dico paca lentamente,max_TD,64.3374,23.6435,23.386,70.5446,-2.9087,1.5125,33,-21.513,-11.6542,paca,italian,3,paka,p,voiceless,a,central,low,k,voiceless,velar
it05,0,11/06/2017 16:51:37,Dico paca lentamente,max_TD,63.6524,24.9634,24.3654,70.9771,-2.7447,1.6422,33,-22.2486,-10.7133,paca,italian,3,paka,p,voiceless,a,central,low,k,voiceless,velar
it05,0,11/06/2017 16:53:04,Dico paca lentamente,max_TD,62.3073,26.1984,26.1497,69.7491,-2.3289,1.4229,33,-22.3391,-10.5975,paca,italian,3,paka,p,voiceless,a,central,low,k,voiceless,velar
it05,0,11/06/2017 16:54:25,Dico paca lentamente,max_TD,61.3806,24.4198,24.1795,71.3485,-3.6335,2.3575,33,-23.8018,-8.7265,paca,italian,3,paka,p,voiceless,a,central,low,k,voiceless,velar
it05,0,11/06/2017 16:55:46,Dico paca lentamente,max_TD,63.0153,22.3103,22.357,70.4399,-3.9425,2.5101,33,-23.4318,-9.1998,paca,italian,3,paka,p,voiceless,a,central,low,k,voiceless,velar
it05,0,11/06/2017 16:47:37,Dico pata lentamente,max_TT,65.2863,16.5138,16.4833,62.9114,17.6554,16.6292,34,-22.6884,-12.7466,pata,italian,1,pata,p,voiceless,a,central,low,t,voiceless,coronal
it05,0,11/06/2017 16:48:39,Dico paca lentamente,max_TD,64.4272,23.9906,23.8247,69.8976,-3.1757,2.0447,34,-21.2779,-14.4423,paca,italian,3,paka,p,voiceless,a,central,low,k,voiceless,velar
it05,0,11/06/2017 16:49:56,Dico pata lentamente,max_TT,65.2082,21.6408,21.6217,62.9914,5.3892,4.2114,34,-23.2029,-12.1281,pata,italian,1,pata,p,voiceless,a,central,low,t,voiceless,coronal
it05,0,11/06/2017 16:50:18,Dico paca lentamente,max_TD,64.3374,23.6435,23.386,70.5446,-2.9087,1.5125,34,-23.0507,-12.3111,paca,italian,3,paka,p,voiceless,a,central,low,k,voiceless,velar
it05,0,11/06/2017 16:51:37,Dico paca lentamente,max_TD,63.6524,24.9634,24.3654,70.9771,-2.7447,1.6422,34,-23.5706,-11.6861,paca,italian,3,paka,p,voiceless,a,central,low,k,voiceless,velar
it05,0,11/06/2017 16:53:04,Dico paca lentamente,max_TD,62.3073,26.1984,26.1497,69.7491,-2.3289,1.4229,34,-23.0841,-12.2709,paca,italian,3,paka,p,voiceless,a,central,low,k,voiceless,velar
it05,0,11/06/2017 16:54:25,Dico paca lentamente,max_TD,61.3806,24.4198,24.1795,71.3485,-3.6335,2.3575,34,-24.6403,-10.4002,paca,italian,3,paka,p,voiceless,a,central,low,k,voiceless,velar
it05,0,11/06/2017 16:55:46,Dico paca lentamente,max_TD,63.0153,22.3103,22.357,70.4399,-3.9425,2.5101,34,-24.6405,-10.3999,paca,italian,3,paka,p,voiceless,a,central,low,k,voiceless,velar
it05,0,11/06/2017 16:47:37,Dico pata lentamente,max_TT,65.2863,16.5138,16.4833,62.9114,17.6554,16.6292,35,-23.8463,-13.8507,pata,italian,1,pata,p,voiceless,a,central,low,t,voiceless,coronal
it05,0,11/06/2017 16:48:39,Dico paca lentamente,max_TD,64.4272,23.9906,23.8247,69.8976,-3.1757,2.0447,35,-22.0041,-15.9335,paca,italian,3,paka,p,voiceless,a,central,low,k,voiceless,velar
it05,0,11/06/2017 16:49:56,Dico pata lentamente,max_TT,65.2082,21.6408,21.6217,62.9914,5.3892,4.2114,35,-24.6015,-12.9969,pata,italian,1,pata,p,voiceless,a,central,low,t,voiceless,coronal
it05,0,11/06/2017 16:50:18,Dico paca lentamente,max_TD,64.3374,23.6435,23.386,70.5446,-2.9087,1.5125,35,-24.8315,-12.7369,paca,italian,3,paka,p,voiceless,a,central,low,k,voiceless,velar
it05,0,11/06/2017 16:51:37,Dico paca lentamente,max_TD,63.6524,24.9634,24.3654,70.9771,-2.7447,1.6422,35,-25.1371,-12.3914,paca,italian,3,paka,p,voiceless,a,central,low,k,voiceless,velar
it05,0,11/06/2017 16:53:04,Dico paca lentamente,max_TD,62.3073,26.1984,26.1497,69.7491,-2.3289,1.4229,35,-24.2623,-13.3804,paca,italian,3,paka,p,voiceless,a,central,low,k,voiceless,velar
it05,0,11/06/2017 16:54:25,Dico paca lentamente,max_TD,61.3806,24.4198,24.1795,71.3485,-3.6335,2.3575,35,-25.8877,-11.5428,paca,italian,3,paka,p,voiceless,a,central,low,k,voiceless,velar
it05,0,11/06/2017 16:55:46,Dico paca lentamente,max_TD,63.0153,22.3103,22.357,70.4399,-3.9425,2.5101,35,-25.9547,-11.467,paca,italian,3,paka,p,voiceless,a,central,low,k,voiceless,velar
it05,0,11/06/2017 16:47:37,Dico pata lentamente,max_TT,65.2863,16.5138,16.4833,62.9114,17.6554,16.6292,36,-25.1758,-14.7662,pata,italian,1,pata,p,voiceless,a,central,low,t,voiceless,coronal
it05,0,11/06/2017 16:48:39,Dico paca lentamente,max_TD,64.4272,23.9906,23.8247,69.8976,-3.1757,2.0447,36,-23.2034,-16.8644,paca,italian,3,paka,p,voiceless,a,central,low,k,voiceless,velar
it05,0,11/06/2017 16:49:56,Dico pata lentamente,max_TT,65.2082,21.6408,21.6217,62.9914,5.3892,4.2114,36,-26.021,-13.8672,pata,italian,1,pata,p,voiceless,a,central,low,t,voiceless,coronal
it05,0,11/06/2017 16:50:18,Dico paca lentamente,max_TD,64.3374,23.6435,23.386,70.5446,-2.9087,1.5125,36,-26.6711,-13.1756,paca,italian,3,paka,p,voiceless,a,central,low,k,voiceless,velar
it05,0,11/06/2017 16:51:37,Dico paca lentamente,max_TD,63.6524,24.9634,24.3654,70.9771,-2.7447,1.6422,36,-26.8128,-13.0249,paca,italian,3,paka,p,voiceless,a,central,low,k,voiceless,velar
it05,0,11/06/2017 16:53:04,Dico paca lentamente,max_TD,62.3073,26.1984,26.1497,69.7491,-2.3289,1.4229,36,-25.9735,-13.9177,paca,italian,3,paka,p,voiceless,a,central,low,k,voiceless,velar
it05,0,11/06/2017 16:54:25,Dico paca lentamente,max_TD,61.3806,24.4198,24.1795,71.3485,-3.6335,2.3575,36,-27.3474,-12.4562,paca,italian,3,paka,p,voiceless,a,central,low,k,voiceless,velar
it05,0,11/06/2017 16:55:46,Dico paca lentamente,max_TD,63.0153,22.3103,22.357,70.4399,-3.9425,2.5101,36,-27.3001,-12.5065,paca,italian,3,paka,p,voiceless,a,central,low,k,voiceless,velar
it05,0,11/06/2017 16:47:37,Dico pata lentamente,max_TT,65.2863,16.5138,16.4833,62.9114,17.6554,16.6292,37,-26.4877,-15.721,pata,italian,1,pata,p,voiceless,a,central,low,t,voiceless,coronal
it05,0,11/06/2017 16:48:39,Dico paca lentamente,max_TD,64.4272,23.9906,23.8247,69.8976,-3.1757,2.0447,37,-24.6191,-17.5917,paca,italian,3,paka,p,voiceless,a,central,low,k,voiceless,velar
it05,0,11/06/2017 16:49:56,Dico pata lentamente,max_TT,65.2082,21.6408,21.6217,62.9914,5.3892,4.2114,37,-27.4222,-14.7854,pata,italian,1,pata,p,voiceless,a,central,low,t,voiceless,coronal
it05,0,11/06/2017 16:50:18,Dico paca lentamente,max_TD,64.3374,23.6435,23.386,70.5446,-2.9087,1.5125,37,-28.5243,-13.6821,paca,italian,3,paka,p,voiceless,a,central,low,k,voiceless,velar
it05,0,11/06/2017 16:51:37,Dico paca lentamente,max_TD,63.6524,24.9634,24.3654,70.9771,-2.7447,1.6422,37,-28.5302,-13.6762,paca,italian,3,paka,p,voiceless,a,central,low,k,voiceless,velar
it05,0,11/06/2017 16:53:04,Dico paca lentamente,max_TD,62.3073,26.1984,26.1497,69.7491,-2.3289,1.4229,37,-27.8134,-14.3938,paca,italian,3,paka,p,voiceless,a,central,low,k,voiceless,velar
it05,0,11/06/2017 16:54:25,Dico paca lentamente,max_TD,61.3806,24.4198,24.1795,71.3485,-3.6335,2.3575,37,-28.6811,-13.5251,paca,italian,3,paka,p,voiceless,a,central,low,k,voiceless,velar
it05,0,11/06/2017 16:55:46,Dico paca lentamente,max_TD,63.0153,22.3103,22.357,70.4399,-3.9425,2.5101,37,-28.2799,-13.9267,paca,italian,3,paka,p,voiceless,a,central,low,k,voiceless,velar
it05,0,11/06/2017 16:47:37,Dico pata lentamente,max_TT,65.2863,16.5138,16.4833,62.9114,17.6554,16.6292,38,-27.8475,-16.6516,pata,italian,1,pata,p,voiceless,a,central,low,t,voiceless,coronal
it05,0,11/06/2017 16:48:39,Dico paca lentamente,max_TD,64.4272,23.9906,23.8247,69.8976,-3.1757,2.0447,38,-26.1159,-18.2831,paca,italian,3,paka,p,voiceless,a,central,low,k,voiceless,velar
it05,0,11/06/2017 16:49:56,Dico pata lentamente,max_TT,65.2082,21.6408,21.6217,62.9914,5.3892,4.2114,38,-28.6253,-15.9188,pata,italian,1,pata,p,voiceless,a,central,low,t,voiceless,coronal
it05,0,11/06/2017 16:50:18,Dico paca lentamente,max_TD,64.3374,23.6435,23.386,70.5446,-2.9087,1.5125,38,-30.036,-14.5897,paca,italian,3,paka,p,voiceless,a,central,low,k,voiceless,velar
it05,0,11/06/2017 16:51:37,Dico paca lentamente,max_TD,63.6524,24.9634,24.3654,70.9771,-2.7447,1.6422,38,-30.1286,-14.5024,paca,italian,3,paka,p,voiceless,a,central,low,k,voiceless,velar
it05,0,11/06/2017 16:53:04,Dico paca lentamente,max_TD,62.3073,26.1984,26.1497,69.7491,-2.3289,1.4229,38,-29.5355,-15.0612,paca,italian,3,paka,p,voiceless,a,central,low,k,voiceless,velar
it05,0,11/06/2017 16:54:25,Dico paca lentamente,max_TD,61.3806,24.4198,24.1795,71.3485,-3.6335,2.3575,38,-30.0869,-14.5417,paca,italian,3,paka,p,voiceless,a,central,low,k,voiceless,velar
it05,0,11/06/2017 16:55:46,Dico paca lentamente,max_TD,63.0153,22.3103,22.357,70.4399,-3.9425,2.5101,38,-29.3734,-15.214,paca,italian,3,paka,p,voiceless,a,central,low,k,voiceless,velar
it05,0,11/06/2017 16:47:37,Dico pata lentamente,max_TT,65.2863,16.5138,16.4833,62.9114,17.6554,16.6292,39,-29.2869,-17.5402,pata,italian,1,pata,p,voiceless,a,central,low,t,voiceless,coronal
it05,0,11/06/2017 16:48:39,Dico paca lentamente,max_TD,64.4272,23.9906,23.8247,69.8976,-3.1757,2.0447,39,-27.6323,-19.0069,paca,italian,3,paka,p,voiceless,a,central,low,k,voiceless,velar
it05,0,11/06/2017 16:49:56,Dico pata lentamente,max_TT,65.2082,21.6408,21.6217,62.9914,5.3892,4.2114,39,-29.8297,-17.0589,pata,italian,1,pata,p,voiceless,a,central,low,t,voiceless,coronal
it05,0,11/06/2017 16:50:18,Dico paca lentamente,max_TD,64.3374,23.6435,23.386,70.5446,-2.9087,1.5125,39,-31.1394,-15.898,paca,italian,3,paka,p,voiceless,a,central,low,k,voiceless,velar
it05,0,11/06/2017 16:51:37,Dico paca lentamente,max_TD,63.6524,24.9634,24.3654,70.9771,-2.7447,1.6422,39,-31.1033,-15.9299,paca,italian,3,paka,p,voiceless,a,central,low,k,voiceless,velar
it05,0,11/06/2017 16:53:04,Dico paca lentamente,max_TD,62.3073,26.1984,26.1497,69.7491,-2.3289,1.4229,39,-31.656,-15.44,paca,italian,3,paka,p,voiceless,a,central,low,k,voiceless,velar
it05,0,11/06/2017 16:54:25,Dico paca lentamente,max_TD,61.3806,24.4198,24.1795,71.3485,-3.6335,2.3575,39,-31.5436,-15.5396,paca,italian,3,paka,p,voiceless,a,central,low,k,voiceless,velar
it05,0,11/06/2017 16:55:46,Dico paca lentamente,max_TD,63.0153,22.3103,22.357,70.4399,-3.9425,2.5101,39,-30.4673,-16.4937,paca,italian,3,paka,p,voiceless,a,central,low,k,voiceless,velar
it05,0,11/06/2017 16:47:37,Dico pata lentamente,max_TT,65.2863,16.5138,16.4833,62.9114,17.6554,16.6292,40,-30.8339,-18.3775,pata,italian,1,pata,p,voiceless,a,central,low,t,voiceless,coronal
it05,0,11/06/2017 16:48:39,Dico paca lentamente,max_TD,64.4272,23.9906,23.8247,69.8976,-3.1757,2.0447,40,-29.0214,-19.8886,paca,italian,3,paka,p,voiceless,a,central,low,k,voiceless,velar
it05,0,11/06/2017 16:49:56,Dico pata lentamente,max_TT,65.2082,21.6408,21.6217,62.9914,5.3892,4.2114,40,-31.1244,-18.1353,pata,italian,1,pata,p,voiceless,a,central,low,t,voiceless,coronal
it05,0,11/06/2017 16:50:18,Dico paca lentamente,max_TD,64.3374,23.6435,23.386,70.5446,-2.9087,1.5125,40,-32.0756,-17.3422,paca,italian,3,paka,p,voiceless,a,central,low,k,voiceless,velar
it05,0,11/06/2017 16:51:37,Dico paca lentamente,max_TD,63.6524,24.9634,24.3654,70.9771,-2.7447,1.6422,40,-32.4048,-17.0678,paca,italian,3,paka,p,voiceless,a,central,low,k,voiceless,velar
it05,0,11/06/2017 16:53:04,Dico paca lentamente,max_TD,62.3073,26.1984,26.1497,69.7491,-2.3289,1.4229,40,-32.9844,-16.5845,paca,italian,3,paka,p,voiceless,a,central,low,k,voiceless,velar
it05,0,11/06/2017 16:54:25,Dico paca lentamente,max_TD,61.3806,24.4198,24.1795,71.3485,-3.6335,2.3575,40,-32.8146,-16.7262,paca,italian,3,paka,p,voiceless,a,central,low,k,voiceless,velar
it05,0,11/06/2017 16:55:46,Dico paca lentamente,max_TD,63.0153,22.3103,22.357,70.4399,-3.9425,2.5101,40,-31.8177,-17.5572,paca,italian,3,paka,p,voiceless,a,central,low,k,voiceless,velar
it05,0,11/06/2017 16:47:37,Dico pata lentamente,max_TT,65.2863,16.5138,16.4833,62.9114,17.6554,16.6292,41,-32.0363,-19.534300000000002,pata,italian,1,pata,p,voiceless,a,central,low,t,voiceless,coronal
it05,0,11/06/2017 16:48:39,Dico paca lentamente,max_TD,64.4272,23.9906,23.8247,69.8976,-3.1757,2.0447,41,-30.0217,-21.113,paca,italian,3,paka,p,voiceless,a,central,low,k,voiceless,velar
it05,0,11/06/2017 16:49:56,Dico pata lentamente,max_TT,65.2082,21.6408,21.6217,62.9914,5.3892,4.2114,41,-32.2726,-19.3492,pata,italian,1,pata,p,voiceless,a,central,low,t,voiceless,coronal
it05,0,11/06/2017 16:50:18,Dico paca lentamente,max_TD,64.3374,23.6435,23.386,70.5446,-2.9087,1.5125,41,-33.0229,-18.7613,paca,italian,3,paka,p,voiceless,a,central,low,k,voiceless,velar
it05,0,11/06/2017 16:51:37,Dico paca lentamente,max_TD,63.6524,24.9634,24.3654,70.9771,-2.7447,1.6422,41,-33.534,-18.3608,paca,italian,3,paka,p,voiceless,a,central,low,k,voiceless,velar
it05,0,11/06/2017 16:53:04,Dico paca lentamente,max_TD,62.3073,26.1984,26.1497,69.7491,-2.3289,1.4229,41,-34.0664,-17.9436,paca,italian,3,paka,p,voiceless,a,central,low,k,voiceless,velar
it05,0,11/06/2017 16:54:25,Dico paca lentamente,max_TD,61.3806,24.4198,24.1795,71.3485,-3.6335,2.3575,41,-33.9964,-17.9985,paca,italian,3,paka,p,voiceless,a,central,low,k,voiceless,velar
it05,0,11/06/2017 16:55:46,Dico paca lentamente,max_TD,63.0153,22.3103,22.357,70.4399,-3.9425,2.5101,41,-32.9304,-18.8337,paca,italian,3,paka,p,voiceless,a,central,low,k,voiceless,velar
it05,0,11/06/2017 16:47:37,Dico pata lentamente,max_TT,65.2863,16.5138,16.4833,62.9114,17.6554,16.6292,42,-33.2539,-20.6983,pata,italian,1,pata,p,voiceless,a,central,low,t,voiceless,coronal
it05,0,11/06/2017 16:48:39,Dico paca lentamente,max_TD,64.4272,23.9906,23.8247,69.8976,-3.1757,2.0447,42,-30.929,-22.4089,paca,italian,3,paka,p,voiceless,a,central,low,k,voiceless,velar
it05,0,11/06/2017 16:49:56,Dico pata lentamente,max_TT,65.2082,21.6408,21.6217,62.9914,5.3892,4.2114,42,-33.4294,-20.5692,pata,italian,1,pata,p,voiceless,a,central,low,t,voiceless,coronal
it05,0,11/06/2017 16:50:18,Dico paca lentamente,max_TD,64.3374,23.6435,23.386,70.5446,-2.9087,1.5125,42,-33.8567,-20.2548,paca,italian,3,paka,p,voiceless,a,central,low,k,voiceless,velar
it05,0,11/06/2017 16:51:37,Dico paca lentamente,max_TD,63.6524,24.9634,24.3654,70.9771,-2.7447,1.6422,42,-34.6197,-19.6934,paca,italian,3,paka,p,voiceless,a,central,low,k,voiceless,velar
it05,0,11/06/2017 16:53:04,Dico paca lentamente,max_TD,62.3073,26.1984,26.1497,69.7491,-2.3289,1.4229,42,-35.0892,-19.348,paca,italian,3,paka,p,voiceless,a,central,low,k,voiceless,velar
it05,0,11/06/2017 16:54:25,Dico paca lentamente,max_TD,61.3806,24.4198,24.1795,71.3485,-3.6335,2.3575,42,-35.1322,-19.3163,paca,italian,3,paka,p,voiceless,a,central,low,k,voiceless,velar
it05,0,11/06/2017 16:55:46,Dico paca lentamente,max_TD,63.0153,22.3103,22.357,70.4399,-3.9425,2.5101,42,-33.9926,-20.1548,paca,italian,3,paka,p,voiceless,a,central,low,k,voiceless,velar
